id,first_name,last_name
865,"",Cole
865,"",Cole
865,"",Cole
865,"",Cole
865,"",Cole
865,"",Cole
865,"",Cole
865,"",Cole
865,"",Cole
865,"",Cole
865,"",Cole
865,"",Cole
865,"",Cole
865,"",Cole
865,"",Cole
865,"",Cole
865,"",Cole
865,"",Cole
865,"",Cole
865,"",Cole
865,"",Cole
865,"",Cole
865,"",Cole
865,"",Cole
865,"",Cole
865,"",Cole
865,"",Cole
865,"",Cole
865,"",Cole
865,"",Cole
705,"",Riley
705,"",Riley
705,"",Riley
705,"",Riley
705,"",Riley
705,"",Riley
705,"",Riley
705,"",Riley
705,"",Riley
705,"",Riley
705,"",Riley
705,"",Riley
705,"",Riley
705,"",Riley
705,"",Riley
705,"",Riley
705,"",Riley
705,"",Riley
705,"",Riley
705,"",Riley
705,"",Riley
705,"",Riley
705,"",Riley
705,"",Riley
705,"",Riley
705,"",Riley
705,"",Riley
705,"",Riley
705,"",Riley
705,"",Riley
742,Amy,Moore
742,Amy,Moore
742,Amy,Moore
742,Amy,Moore
742,Amy,Moore
742,Amy,Moore
742,Amy,Moore
742,Amy,Moore
742,Amy,Moore
742,Amy,Moore
742,Amy,Moore
742,Amy,Moore
742,Amy,Moore
742,Amy,Moore
742,Amy,Moore
742,Amy,Moore
742,Amy,Moore
742,Amy,Moore
742,Amy,Moore
742,Amy,Moore
742,Amy,Moore
742,Amy,Moore
742,Amy,Moore
742,Amy,Moore
742,Amy,Moore
742,Amy,Moore
742,Amy,Moore
742,Amy,Moore
742,Amy,Moore
742,Amy,Moore
195,Joe,Hayes
195,Joe,Hayes
195,Joe,Hayes
195,Joe,Hayes
195,Joe,Hayes
195,Joe,Hayes
195,Joe,Hayes
195,Joe,Hayes
195,Joe,Hayes
195,Joe,Hayes
195,Joe,Hayes
195,Joe,Hayes
195,Joe,Hayes
195,Joe,Hayes
195,Joe,Hayes
195,Joe,Hayes
195,Joe,Hayes
195,Joe,Hayes
195,Joe,Hayes
195,Joe,Hayes
195,Joe,Hayes
195,Joe,Hayes
195,Joe,Hayes
195,Joe,Hayes
195,Joe,Hayes
195,Joe,Hayes
195,Joe,Hayes
195,Joe,Hayes
195,Joe,Hayes
195,Joe,Hayes
262,Roy,Weaver
262,Roy,Weaver
262,Roy,Weaver
262,Roy,Weaver
262,Roy,Weaver
262,Roy,Weaver
262,Roy,Weaver
262,Roy,Weaver
262,Roy,Weaver
262,Roy,Weaver
262,Roy,Weaver
262,Roy,Weaver
262,Roy,Weaver
262,Roy,Weaver
262,Roy,Weaver
262,Roy,Weaver
262,Roy,Weaver
262,Roy,Weaver
262,Roy,Weaver
262,Roy,Weaver
262,Roy,Weaver
262,Roy,Weaver
262,Roy,Weaver
262,Roy,Weaver
262,Roy,Weaver
262,Roy,Weaver
262,Roy,Weaver
262,Roy,Weaver
262,Roy,Weaver
262,Roy,Weaver
679,Alan,Nichols
679,Alan,Nichols
679,Alan,Nichols
679,Alan,Nichols
679,Alan,Nichols
679,Alan,Nichols
679,Alan,Nichols
679,Alan,Nichols
679,Alan,Nichols
679,Alan,Nichols
679,Alan,Nichols
679,Alan,Nichols
679,Alan,Nichols
679,Alan,Nichols
679,Alan,Nichols
679,Alan,Nichols
679,Alan,Nichols
679,Alan,Nichols
679,Alan,Nichols
679,Alan,Nichols
679,Alan,Nichols
679,Alan,Nichols
679,Alan,Nichols
679,Alan,Nichols
679,Alan,Nichols
679,Alan,Nichols
679,Alan,Nichols
679,Alan,Nichols
679,Alan,Nichols
679,Alan,Nichols
80,Anna,Hudson
80,Anna,Hudson
80,Anna,Hudson
80,Anna,Hudson
80,Anna,Hudson
80,Anna,Hudson
80,Anna,Hudson
80,Anna,Hudson
80,Anna,Hudson
80,Anna,Hudson
80,Anna,Hudson
80,Anna,Hudson
80,Anna,Hudson
80,Anna,Hudson
80,Anna,Hudson
80,Anna,Hudson
80,Anna,Hudson
80,Anna,Hudson
80,Anna,Hudson
80,Anna,Hudson
80,Anna,Hudson
80,Anna,Hudson
80,Anna,Hudson
80,Anna,Hudson
80,Anna,Hudson
80,Anna,Hudson
80,Anna,Hudson
80,Anna,Hudson
80,Anna,Hudson
80,Anna,Hudson
750,Anne,Andrews
750,Anne,Andrews
750,Anne,Andrews
750,Anne,Andrews
750,Anne,Andrews
750,Anne,Andrews
750,Anne,Andrews
750,Anne,Andrews
750,Anne,Andrews
750,Anne,Andrews
750,Anne,Andrews
750,Anne,Andrews
750,Anne,Andrews
750,Anne,Andrews
750,Anne,Andrews
750,Anne,Andrews
750,Anne,Andrews
750,Anne,Andrews
750,Anne,Andrews
750,Anne,Andrews
750,Anne,Andrews
750,Anne,Andrews
750,Anne,Andrews
750,Anne,Andrews
750,Anne,Andrews
750,Anne,Andrews
750,Anne,Andrews
750,Anne,Andrews
750,Anne,Andrews
750,Anne,Andrews
839,Eric,Scott
839,Eric,Scott
839,Eric,Scott
839,Eric,Scott
839,Eric,Scott
839,Eric,Scott
839,Eric,Scott
839,Eric,Scott
839,Eric,Scott
839,Eric,Scott
839,Eric,Scott
839,Eric,Scott
839,Eric,Scott
839,Eric,Scott
839,Eric,Scott
839,Eric,Scott
839,Eric,Scott
839,Eric,Scott
839,Eric,Scott
839,Eric,Scott
839,Eric,Scott
839,Eric,Scott
839,Eric,Scott
839,Eric,Scott
839,Eric,Scott
839,Eric,Scott
839,Eric,Scott
839,Eric,Scott
839,Eric,Scott
839,Eric,Scott
713,Eric,Owens
713,Eric,Owens
713,Eric,Owens
713,Eric,Owens
713,Eric,Owens
713,Eric,Owens
713,Eric,Owens
713,Eric,Owens
713,Eric,Owens
713,Eric,Owens
713,Eric,Owens
713,Eric,Owens
713,Eric,Owens
713,Eric,Owens
713,Eric,Owens
713,Eric,Owens
713,Eric,Owens
713,Eric,Owens
713,Eric,Owens
713,Eric,Owens
713,Eric,Owens
713,Eric,Owens
713,Eric,Owens
713,Eric,Owens
713,Eric,Owens
713,Eric,Owens
713,Eric,Owens
713,Eric,Owens
713,Eric,Owens
713,Eric,Owens
961,Fred,Patterson
961,Fred,Patterson
961,Fred,Patterson
961,Fred,Patterson
961,Fred,Patterson
961,Fred,Patterson
961,Fred,Patterson
961,Fred,Patterson
961,Fred,Patterson
961,Fred,Patterson
961,Fred,Patterson
961,Fred,Patterson
961,Fred,Patterson
961,Fred,Patterson
961,Fred,Patterson
961,Fred,Patterson
961,Fred,Patterson
961,Fred,Patterson
961,Fred,Patterson
961,Fred,Patterson
961,Fred,Patterson
961,Fred,Patterson
961,Fred,Patterson
961,Fred,Patterson
961,Fred,Patterson
961,Fred,Patterson
961,Fred,Patterson
961,Fred,Patterson
961,Fred,Patterson
961,Fred,Patterson
489,Jack,Reid
489,Jack,Reid
489,Jack,Reid
489,Jack,Reid
489,Jack,Reid
489,Jack,Reid
489,Jack,Reid
489,Jack,Reid
489,Jack,Reid
489,Jack,Reid
489,Jack,Reid
489,Jack,Reid
489,Jack,Reid
489,Jack,Reid
489,Jack,Reid
489,Jack,Reid
489,Jack,Reid
489,Jack,Reid
489,Jack,Reid
489,Jack,Reid
489,Jack,Reid
489,Jack,Reid
489,Jack,Reid
489,Jack,Reid
489,Jack,Reid
489,Jack,Reid
489,Jack,Reid
489,Jack,Reid
489,Jack,Reid
489,Jack,Reid
579,Jane,Stevens
579,Jane,Stevens
579,Jane,Stevens
579,Jane,Stevens
579,Jane,Stevens
579,Jane,Stevens
579,Jane,Stevens
579,Jane,Stevens
579,Jane,Stevens
579,Jane,Stevens
579,Jane,Stevens
579,Jane,Stevens
579,Jane,Stevens
579,Jane,Stevens
579,Jane,Stevens
579,Jane,Stevens
579,Jane,Stevens
579,Jane,Stevens
579,Jane,Stevens
579,Jane,Stevens
579,Jane,Stevens
579,Jane,Stevens
579,Jane,Stevens
579,Jane,Stevens
579,Jane,Stevens
579,Jane,Stevens
579,Jane,Stevens
579,Jane,Stevens
579,Jane,Stevens
579,Jane,Stevens
435,Jean,Dixon
435,Jean,Dixon
435,Jean,Dixon
435,Jean,Dixon
435,Jean,Dixon
435,Jean,Dixon
435,Jean,Dixon
435,Jean,Dixon
435,Jean,Dixon
435,Jean,Dixon
435,Jean,Dixon
435,Jean,Dixon
435,Jean,Dixon
435,Jean,Dixon
435,Jean,Dixon
435,Jean,Dixon
435,Jean,Dixon
435,Jean,Dixon
435,Jean,Dixon
435,Jean,Dixon
435,Jean,Dixon
435,Jean,Dixon
435,Jean,Dixon
435,Jean,Dixon
435,Jean,Dixon
435,Jean,Dixon
435,Jean,Dixon
435,Jean,Dixon
435,Jean,Dixon
435,Jean,Dixon
976,Jean,Austin
976,Jean,Austin
976,Jean,Austin
976,Jean,Austin
976,Jean,Austin
976,Jean,Austin
976,Jean,Austin
976,Jean,Austin
976,Jean,Austin
976,Jean,Austin
976,Jean,Austin
976,Jean,Austin
976,Jean,Austin
976,Jean,Austin
976,Jean,Austin
976,Jean,Austin
976,Jean,Austin
976,Jean,Austin
976,Jean,Austin
976,Jean,Austin
976,Jean,Austin
976,Jean,Austin
976,Jean,Austin
976,Jean,Austin
976,Jean,Austin
976,Jean,Austin
976,Jean,Austin
976,Jean,Austin
976,Jean,Austin
976,Jean,Austin
729,John,Hanson
729,John,Hanson
729,John,Hanson
729,John,Hanson
729,John,Hanson
729,John,Hanson
729,John,Hanson
729,John,Hanson
729,John,Hanson
729,John,Hanson
729,John,Hanson
729,John,Hanson
729,John,Hanson
729,John,Hanson
729,John,Hanson
729,John,Hanson
729,John,Hanson
729,John,Hanson
729,John,Hanson
729,John,Hanson
729,John,Hanson
729,John,Hanson
729,John,Hanson
729,John,Hanson
729,John,Hanson
729,John,Hanson
729,John,Hanson
729,John,Hanson
729,John,Hanson
729,John,Hanson
738,Juan,Sims
738,Juan,Sims
738,Juan,Sims
738,Juan,Sims
738,Juan,Sims
738,Juan,Sims
738,Juan,Sims
738,Juan,Sims
738,Juan,Sims
738,Juan,Sims
738,Juan,Sims
738,Juan,Sims
738,Juan,Sims
738,Juan,Sims
738,Juan,Sims
738,Juan,Sims
738,Juan,Sims
738,Juan,Sims
738,Juan,Sims
738,Juan,Sims
738,Juan,Sims
738,Juan,Sims
738,Juan,Sims
738,Juan,Sims
738,Juan,Sims
738,Juan,Sims
738,Juan,Sims
738,Juan,Sims
738,Juan,Sims
738,Juan,Sims
667,Lois,Boyd
667,Lois,Boyd
667,Lois,Boyd
667,Lois,Boyd
667,Lois,Boyd
667,Lois,Boyd
667,Lois,Boyd
667,Lois,Boyd
667,Lois,Boyd
667,Lois,Boyd
667,Lois,Boyd
667,Lois,Boyd
667,Lois,Boyd
667,Lois,Boyd
667,Lois,Boyd
667,Lois,Boyd
667,Lois,Boyd
667,Lois,Boyd
667,Lois,Boyd
667,Lois,Boyd
667,Lois,Boyd
667,Lois,Boyd
667,Lois,Boyd
667,Lois,Boyd
667,Lois,Boyd
667,Lois,Boyd
667,Lois,Boyd
667,Lois,Boyd
667,Lois,Boyd
667,Lois,Boyd
218,Mark,Crawford
218,Mark,Crawford
218,Mark,Crawford
218,Mark,Crawford
218,Mark,Crawford
218,Mark,Crawford
218,Mark,Crawford
218,Mark,Crawford
218,Mark,Crawford
218,Mark,Crawford
218,Mark,Crawford
218,Mark,Crawford
218,Mark,Crawford
218,Mark,Crawford
218,Mark,Crawford
218,Mark,Crawford
218,Mark,Crawford
218,Mark,Crawford
218,Mark,Crawford
218,Mark,Crawford
218,Mark,Crawford
218,Mark,Crawford
218,Mark,Crawford
218,Mark,Crawford
218,Mark,Crawford
218,Mark,Crawford
218,Mark,Crawford
218,Mark,Crawford
218,Mark,Crawford
218,Mark,Crawford
206,Paul,Richards
206,Paul,Richards
206,Paul,Richards
206,Paul,Richards
206,Paul,Richards
206,Paul,Richards
206,Paul,Richards
206,Paul,Richards
206,Paul,Richards
206,Paul,Richards
206,Paul,Richards
206,Paul,Richards
206,Paul,Richards
206,Paul,Richards
206,Paul,Richards
206,Paul,Richards
206,Paul,Richards
206,Paul,Richards
206,Paul,Richards
206,Paul,Richards
206,Paul,Richards
206,Paul,Richards
206,Paul,Richards
206,Paul,Richards
206,Paul,Richards
206,Paul,Richards
206,Paul,Richards
206,Paul,Richards
206,Paul,Richards
206,Paul,Richards
286,Rose,Fox
286,Rose,Fox
286,Rose,Fox
286,Rose,Fox
286,Rose,Fox
286,Rose,Fox
286,Rose,Fox
286,Rose,Fox
286,Rose,Fox
286,Rose,Fox
286,Rose,Fox
286,Rose,Fox
286,Rose,Fox
286,Rose,Fox
286,Rose,Fox
286,Rose,Fox
286,Rose,Fox
286,Rose,Fox
286,Rose,Fox
286,Rose,Fox
286,Rose,Fox
286,Rose,Fox
286,Rose,Fox
286,Rose,Fox
286,Rose,Fox
286,Rose,Fox
286,Rose,Fox
286,Rose,Fox
286,Rose,Fox
286,Rose,Fox
94,Ruth,Cooper
94,Ruth,Cooper
94,Ruth,Cooper
94,Ruth,Cooper
94,Ruth,Cooper
94,Ruth,Cooper
94,Ruth,Cooper
94,Ruth,Cooper
94,Ruth,Cooper
94,Ruth,Cooper
94,Ruth,Cooper
94,Ruth,Cooper
94,Ruth,Cooper
94,Ruth,Cooper
94,Ruth,Cooper
94,Ruth,Cooper
94,Ruth,Cooper
94,Ruth,Cooper
94,Ruth,Cooper
94,Ruth,Cooper
94,Ruth,Cooper
94,Ruth,Cooper
94,Ruth,Cooper
94,Ruth,Cooper
94,Ruth,Cooper
94,Ruth,Cooper
94,Ruth,Cooper
94,Ruth,Cooper
94,Ruth,Cooper
94,Ruth,Cooper
247,Sara,Webb
247,Sara,Webb
247,Sara,Webb
247,Sara,Webb
247,Sara,Webb
247,Sara,Webb
247,Sara,Webb
247,Sara,Webb
247,Sara,Webb
247,Sara,Webb
247,Sara,Webb
247,Sara,Webb
247,Sara,Webb
247,Sara,Webb
247,Sara,Webb
247,Sara,Webb
247,Sara,Webb
247,Sara,Webb
247,Sara,Webb
247,Sara,Webb
247,Sara,Webb
247,Sara,Webb
247,Sara,Webb
247,Sara,Webb
247,Sara,Webb
247,Sara,Webb
247,Sara,Webb
247,Sara,Webb
247,Sara,Webb
247,Sara,Webb
289,Aaron,Andrews
289,Aaron,Andrews
289,Aaron,Andrews
289,Aaron,Andrews
289,Aaron,Andrews
289,Aaron,Andrews
289,Aaron,Andrews
289,Aaron,Andrews
289,Aaron,Andrews
289,Aaron,Andrews
289,Aaron,Andrews
289,Aaron,Andrews
289,Aaron,Andrews
289,Aaron,Andrews
289,Aaron,Andrews
289,Aaron,Andrews
289,Aaron,Andrews
289,Aaron,Andrews
289,Aaron,Andrews
289,Aaron,Andrews
289,Aaron,Andrews
289,Aaron,Andrews
289,Aaron,Andrews
289,Aaron,Andrews
289,Aaron,Andrews
289,Aaron,Andrews
289,Aaron,Andrews
289,Aaron,Andrews
289,Aaron,Andrews
289,Aaron,Andrews
317,Aaron,Rose
317,Aaron,Rose
317,Aaron,Rose
317,Aaron,Rose
317,Aaron,Rose
317,Aaron,Rose
317,Aaron,Rose
317,Aaron,Rose
317,Aaron,Rose
317,Aaron,Rose
317,Aaron,Rose
317,Aaron,Rose
317,Aaron,Rose
317,Aaron,Rose
317,Aaron,Rose
317,Aaron,Rose
317,Aaron,Rose
317,Aaron,Rose
317,Aaron,Rose
317,Aaron,Rose
317,Aaron,Rose
317,Aaron,Rose
317,Aaron,Rose
317,Aaron,Rose
317,Aaron,Rose
317,Aaron,Rose
317,Aaron,Rose
317,Aaron,Rose
317,Aaron,Rose
317,Aaron,Rose
281,Annie,Ryan
281,Annie,Ryan
281,Annie,Ryan
281,Annie,Ryan
281,Annie,Ryan
281,Annie,Ryan
281,Annie,Ryan
281,Annie,Ryan
281,Annie,Ryan
281,Annie,Ryan
281,Annie,Ryan
281,Annie,Ryan
281,Annie,Ryan
281,Annie,Ryan
281,Annie,Ryan
281,Annie,Ryan
281,Annie,Ryan
281,Annie,Ryan
281,Annie,Ryan
281,Annie,Ryan
281,Annie,Ryan
281,Annie,Ryan
281,Annie,Ryan
281,Annie,Ryan
281,Annie,Ryan
281,Annie,Ryan
281,Annie,Ryan
281,Annie,Ryan
281,Annie,Ryan
281,Annie,Ryan
333,Billy,Ford
333,Billy,Ford
333,Billy,Ford
333,Billy,Ford
333,Billy,Ford
333,Billy,Ford
333,Billy,Ford
333,Billy,Ford
333,Billy,Ford
333,Billy,Ford
333,Billy,Ford
333,Billy,Ford
333,Billy,Ford
333,Billy,Ford
333,Billy,Ford
333,Billy,Ford
333,Billy,Ford
333,Billy,Ford
333,Billy,Ford
333,Billy,Ford
333,Billy,Ford
333,Billy,Ford
333,Billy,Ford
333,Billy,Ford
333,Billy,Ford
333,Billy,Ford
333,Billy,Ford
333,Billy,Ford
333,Billy,Ford
333,Billy,Ford
973,Bobby,Bowman
973,Bobby,Bowman
973,Bobby,Bowman
973,Bobby,Bowman
973,Bobby,Bowman
973,Bobby,Bowman
973,Bobby,Bowman
973,Bobby,Bowman
973,Bobby,Bowman
973,Bobby,Bowman
973,Bobby,Bowman
973,Bobby,Bowman
973,Bobby,Bowman
973,Bobby,Bowman
973,Bobby,Bowman
973,Bobby,Bowman
973,Bobby,Bowman
973,Bobby,Bowman
973,Bobby,Bowman
973,Bobby,Bowman
973,Bobby,Bowman
973,Bobby,Bowman
973,Bobby,Bowman
973,Bobby,Bowman
973,Bobby,Bowman
973,Bobby,Bowman
973,Bobby,Bowman
973,Bobby,Bowman
973,Bobby,Bowman
973,Bobby,Bowman
884,David,Berry
884,David,Berry
884,David,Berry
884,David,Berry
884,David,Berry
884,David,Berry
884,David,Berry
884,David,Berry
884,David,Berry
884,David,Berry
884,David,Berry
884,David,Berry
884,David,Berry
884,David,Berry
884,David,Berry
884,David,Berry
884,David,Berry
884,David,Berry
884,David,Berry
884,David,Berry
884,David,Berry
884,David,Berry
884,David,Berry
884,David,Berry
884,David,Berry
884,David,Berry
884,David,Berry
884,David,Berry
884,David,Berry
884,David,Berry
659,Doris,Welch
659,Doris,Welch
659,Doris,Welch
659,Doris,Welch
659,Doris,Welch
659,Doris,Welch
659,Doris,Welch
659,Doris,Welch
659,Doris,Welch
659,Doris,Welch
659,Doris,Welch
659,Doris,Welch
659,Doris,Welch
659,Doris,Welch
659,Doris,Welch
659,Doris,Welch
659,Doris,Welch
659,Doris,Welch
659,Doris,Welch
659,Doris,Welch
659,Doris,Welch
659,Doris,Welch
659,Doris,Welch
659,Doris,Welch
659,Doris,Welch
659,Doris,Welch
659,Doris,Welch
659,Doris,Welch
659,Doris,Welch
659,Doris,Welch
672,Frank,Perkins
672,Frank,Perkins
672,Frank,Perkins
672,Frank,Perkins
672,Frank,Perkins
672,Frank,Perkins
672,Frank,Perkins
672,Frank,Perkins
672,Frank,Perkins
672,Frank,Perkins
672,Frank,Perkins
672,Frank,Perkins
672,Frank,Perkins
672,Frank,Perkins
672,Frank,Perkins
672,Frank,Perkins
672,Frank,Perkins
672,Frank,Perkins
672,Frank,Perkins
672,Frank,Perkins
672,Frank,Perkins
672,Frank,Perkins
672,Frank,Perkins
672,Frank,Perkins
672,Frank,Perkins
672,Frank,Perkins
672,Frank,Perkins
672,Frank,Perkins
672,Frank,Perkins
672,Frank,Perkins
642,Harry,Black
642,Harry,Black
642,Harry,Black
642,Harry,Black
642,Harry,Black
642,Harry,Black
642,Harry,Black
642,Harry,Black
642,Harry,Black
642,Harry,Black
642,Harry,Black
642,Harry,Black
642,Harry,Black
642,Harry,Black
642,Harry,Black
642,Harry,Black
642,Harry,Black
642,Harry,Black
642,Harry,Black
642,Harry,Black
642,Harry,Black
642,Harry,Black
642,Harry,Black
642,Harry,Black
642,Harry,Black
642,Harry,Black
642,Harry,Black
642,Harry,Black
642,Harry,Black
642,Harry,Black
955,Irene,Burns
955,Irene,Burns
955,Irene,Burns
955,Irene,Burns
955,Irene,Burns
955,Irene,Burns
955,Irene,Burns
955,Irene,Burns
955,Irene,Burns
955,Irene,Burns
955,Irene,Burns
955,Irene,Burns
955,Irene,Burns
955,Irene,Burns
955,Irene,Burns
955,Irene,Burns
955,Irene,Burns
955,Irene,Burns
955,Irene,Burns
955,Irene,Burns
955,Irene,Burns
955,Irene,Burns
955,Irene,Burns
955,Irene,Burns
955,Irene,Burns
955,Irene,Burns
955,Irene,Burns
955,Irene,Burns
955,Irene,Burns
955,Irene,Burns
645,Janet,Henry
645,Janet,Henry
645,Janet,Henry
645,Janet,Henry
645,Janet,Henry
645,Janet,Henry
645,Janet,Henry
645,Janet,Henry
645,Janet,Henry
645,Janet,Henry
645,Janet,Henry
645,Janet,Henry
645,Janet,Henry
645,Janet,Henry
645,Janet,Henry
645,Janet,Henry
645,Janet,Henry
645,Janet,Henry
645,Janet,Henry
645,Janet,Henry
645,Janet,Henry
645,Janet,Henry
645,Janet,Henry
645,Janet,Henry
645,Janet,Henry
645,Janet,Henry
645,Janet,Henry
645,Janet,Henry
645,Janet,Henry
645,Janet,Henry
503,Janet,Daniels
503,Janet,Daniels
503,Janet,Daniels
503,Janet,Daniels
503,Janet,Daniels
503,Janet,Daniels
503,Janet,Daniels
503,Janet,Daniels
503,Janet,Daniels
503,Janet,Daniels
503,Janet,Daniels
503,Janet,Daniels
503,Janet,Daniels
503,Janet,Daniels
503,Janet,Daniels
503,Janet,Daniels
503,Janet,Daniels
503,Janet,Daniels
503,Janet,Daniels
503,Janet,Daniels
503,Janet,Daniels
503,Janet,Daniels
503,Janet,Daniels
503,Janet,Daniels
503,Janet,Daniels
503,Janet,Daniels
503,Janet,Daniels
503,Janet,Daniels
503,Janet,Daniels
503,Janet,Daniels
531,Kathy,Weaver
531,Kathy,Weaver
531,Kathy,Weaver
531,Kathy,Weaver
531,Kathy,Weaver
531,Kathy,Weaver
531,Kathy,Weaver
531,Kathy,Weaver
531,Kathy,Weaver
531,Kathy,Weaver
531,Kathy,Weaver
531,Kathy,Weaver
531,Kathy,Weaver
531,Kathy,Weaver
531,Kathy,Weaver
531,Kathy,Weaver
531,Kathy,Weaver
531,Kathy,Weaver
531,Kathy,Weaver
531,Kathy,Weaver
531,Kathy,Weaver
531,Kathy,Weaver
531,Kathy,Weaver
531,Kathy,Weaver
531,Kathy,Weaver
531,Kathy,Weaver
531,Kathy,Weaver
531,Kathy,Weaver
531,Kathy,Weaver
531,Kathy,Weaver
336,Keith,Perez
336,Keith,Perez
336,Keith,Perez
336,Keith,Perez
336,Keith,Perez
336,Keith,Perez
336,Keith,Perez
336,Keith,Perez
336,Keith,Perez
336,Keith,Perez
336,Keith,Perez
336,Keith,Perez
336,Keith,Perez
336,Keith,Perez
336,Keith,Perez
336,Keith,Perez
336,Keith,Perez
336,Keith,Perez
336,Keith,Perez
336,Keith,Perez
336,Keith,Perez
336,Keith,Perez
336,Keith,Perez
336,Keith,Perez
336,Keith,Perez
336,Keith,Perez
336,Keith,Perez
336,Keith,Perez
336,Keith,Perez
336,Keith,Perez
868,Kelly,Burton
868,Kelly,Burton
868,Kelly,Burton
868,Kelly,Burton
868,Kelly,Burton
868,Kelly,Burton
868,Kelly,Burton
868,Kelly,Burton
868,Kelly,Burton
868,Kelly,Burton
868,Kelly,Burton
868,Kelly,Burton
868,Kelly,Burton
868,Kelly,Burton
868,Kelly,Burton
868,Kelly,Burton
868,Kelly,Burton
868,Kelly,Burton
868,Kelly,Burton
868,Kelly,Burton
868,Kelly,Burton
868,Kelly,Burton
868,Kelly,Burton
868,Kelly,Burton
868,Kelly,Burton
868,Kelly,Burton
868,Kelly,Burton
868,Kelly,Burton
868,Kelly,Burton
868,Kelly,Burton
390,Louis,Lane
390,Louis,Lane
390,Louis,Lane
390,Louis,Lane
390,Louis,Lane
390,Louis,Lane
390,Louis,Lane
390,Louis,Lane
390,Louis,Lane
390,Louis,Lane
390,Louis,Lane
390,Louis,Lane
390,Louis,Lane
390,Louis,Lane
390,Louis,Lane
390,Louis,Lane
390,Louis,Lane
390,Louis,Lane
390,Louis,Lane
390,Louis,Lane
390,Louis,Lane
390,Louis,Lane
390,Louis,Lane
390,Louis,Lane
390,Louis,Lane
390,Louis,Lane
390,Louis,Lane
390,Louis,Lane
390,Louis,Lane
390,Louis,Lane
735,Maria,Price
735,Maria,Price
735,Maria,Price
735,Maria,Price
735,Maria,Price
735,Maria,Price
735,Maria,Price
735,Maria,Price
735,Maria,Price
735,Maria,Price
735,Maria,Price
735,Maria,Price
735,Maria,Price
735,Maria,Price
735,Maria,Price
735,Maria,Price
735,Maria,Price
735,Maria,Price
735,Maria,Price
735,Maria,Price
735,Maria,Price
735,Maria,Price
735,Maria,Price
735,Maria,Price
735,Maria,Price
735,Maria,Price
735,Maria,Price
735,Maria,Price
735,Maria,Price
735,Maria,Price
615,Marie,Matthews
615,Marie,Matthews
615,Marie,Matthews
615,Marie,Matthews
615,Marie,Matthews
615,Marie,Matthews
615,Marie,Matthews
615,Marie,Matthews
615,Marie,Matthews
615,Marie,Matthews
615,Marie,Matthews
615,Marie,Matthews
615,Marie,Matthews
615,Marie,Matthews
615,Marie,Matthews
615,Marie,Matthews
615,Marie,Matthews
615,Marie,Matthews
615,Marie,Matthews
615,Marie,Matthews
615,Marie,Matthews
615,Marie,Matthews
615,Marie,Matthews
615,Marie,Matthews
615,Marie,Matthews
615,Marie,Matthews
615,Marie,Matthews
615,Marie,Matthews
615,Marie,Matthews
615,Marie,Matthews
522,Norma,Medina
522,Norma,Medina
522,Norma,Medina
522,Norma,Medina
522,Norma,Medina
522,Norma,Medina
522,Norma,Medina
522,Norma,Medina
522,Norma,Medina
522,Norma,Medina
522,Norma,Medina
522,Norma,Medina
522,Norma,Medina
522,Norma,Medina
522,Norma,Medina
522,Norma,Medina
522,Norma,Medina
522,Norma,Medina
522,Norma,Medina
522,Norma,Medina
522,Norma,Medina
522,Norma,Medina
522,Norma,Medina
522,Norma,Medina
522,Norma,Medina
522,Norma,Medina
522,Norma,Medina
522,Norma,Medina
522,Norma,Medina
522,Norma,Medina
719,Peter,Powell
719,Peter,Powell
719,Peter,Powell
719,Peter,Powell
719,Peter,Powell
719,Peter,Powell
719,Peter,Powell
719,Peter,Powell
719,Peter,Powell
719,Peter,Powell
719,Peter,Powell
719,Peter,Powell
719,Peter,Powell
719,Peter,Powell
719,Peter,Powell
719,Peter,Powell
719,Peter,Powell
719,Peter,Powell
719,Peter,Powell
719,Peter,Powell
719,Peter,Powell
719,Peter,Powell
719,Peter,Powell
719,Peter,Powell
719,Peter,Powell
719,Peter,Powell
719,Peter,Powell
719,Peter,Powell
719,Peter,Powell
719,Peter,Powell
352,Randy,Olson
352,Randy,Olson
352,Randy,Olson
352,Randy,Olson
352,Randy,Olson
352,Randy,Olson
352,Randy,Olson
352,Randy,Olson
352,Randy,Olson
352,Randy,Olson
352,Randy,Olson
352,Randy,Olson
352,Randy,Olson
352,Randy,Olson
352,Randy,Olson
352,Randy,Olson
352,Randy,Olson
352,Randy,Olson
352,Randy,Olson
352,Randy,Olson
352,Randy,Olson
352,Randy,Olson
352,Randy,Olson
352,Randy,Olson
352,Randy,Olson
352,Randy,Olson
352,Randy,Olson
352,Randy,Olson
352,Randy,Olson
352,Randy,Olson
98,Shawn,Adams
98,Shawn,Adams
98,Shawn,Adams
98,Shawn,Adams
98,Shawn,Adams
98,Shawn,Adams
98,Shawn,Adams
98,Shawn,Adams
98,Shawn,Adams
98,Shawn,Adams
98,Shawn,Adams
98,Shawn,Adams
98,Shawn,Adams
98,Shawn,Adams
98,Shawn,Adams
98,Shawn,Adams
98,Shawn,Adams
98,Shawn,Adams
98,Shawn,Adams
98,Shawn,Adams
98,Shawn,Adams
98,Shawn,Adams
98,Shawn,Adams
98,Shawn,Adams
98,Shawn,Adams
98,Shawn,Adams
98,Shawn,Adams
98,Shawn,Adams
98,Shawn,Adams
98,Shawn,Adams
855,Tammy,Crawford
855,Tammy,Crawford
855,Tammy,Crawford
855,Tammy,Crawford
855,Tammy,Crawford
855,Tammy,Crawford
855,Tammy,Crawford
855,Tammy,Crawford
855,Tammy,Crawford
855,Tammy,Crawford
855,Tammy,Crawford
855,Tammy,Crawford
855,Tammy,Crawford
855,Tammy,Crawford
855,Tammy,Crawford
855,Tammy,Crawford
855,Tammy,Crawford
855,Tammy,Crawford
855,Tammy,Crawford
855,Tammy,Crawford
855,Tammy,Crawford
855,Tammy,Crawford
855,Tammy,Crawford
855,Tammy,Crawford
855,Tammy,Crawford
855,Tammy,Crawford
855,Tammy,Crawford
855,Tammy,Crawford
855,Tammy,Crawford
855,Tammy,Crawford
866,Terry,Burns
866,Terry,Burns
866,Terry,Burns
866,Terry,Burns
866,Terry,Burns
866,Terry,Burns
866,Terry,Burns
866,Terry,Burns
866,Terry,Burns
866,Terry,Burns
866,Terry,Burns
866,Terry,Burns
866,Terry,Burns
866,Terry,Burns
866,Terry,Burns
866,Terry,Burns
866,Terry,Burns
866,Terry,Burns
866,Terry,Burns
866,Terry,Burns
866,Terry,Burns
866,Terry,Burns
866,Terry,Burns
866,Terry,Burns
866,Terry,Burns
866,Terry,Burns
866,Terry,Burns
866,Terry,Burns
866,Terry,Burns
866,Terry,Burns
351,Wanda,Smith
351,Wanda,Smith
351,Wanda,Smith
351,Wanda,Smith
351,Wanda,Smith
351,Wanda,Smith
351,Wanda,Smith
351,Wanda,Smith
351,Wanda,Smith
351,Wanda,Smith
351,Wanda,Smith
351,Wanda,Smith
351,Wanda,Smith
351,Wanda,Smith
351,Wanda,Smith
351,Wanda,Smith
351,Wanda,Smith
351,Wanda,Smith
351,Wanda,Smith
351,Wanda,Smith
351,Wanda,Smith
351,Wanda,Smith
351,Wanda,Smith
351,Wanda,Smith
351,Wanda,Smith
351,Wanda,Smith
351,Wanda,Smith
351,Wanda,Smith
351,Wanda,Smith
351,Wanda,Smith
1,Amanda,Jordan
1,Amanda,Jordan
1,Amanda,Jordan
1,Amanda,Jordan
1,Amanda,Jordan
1,Amanda,Jordan
1,Amanda,Jordan
1,Amanda,Jordan
1,Amanda,Jordan
1,Amanda,Jordan
1,Amanda,Jordan
1,Amanda,Jordan
1,Amanda,Jordan
1,Amanda,Jordan
1,Amanda,Jordan
1,Amanda,Jordan
1,Amanda,Jordan
1,Amanda,Jordan
1,Amanda,Jordan
1,Amanda,Jordan
1,Amanda,Jordan
1,Amanda,Jordan
1,Amanda,Jordan
1,Amanda,Jordan
1,Amanda,Jordan
1,Amanda,Jordan
1,Amanda,Jordan
1,Amanda,Jordan
1,Amanda,Jordan
1,Amanda,Jordan
834,Ashley,Alvarez
834,Ashley,Alvarez
834,Ashley,Alvarez
834,Ashley,Alvarez
834,Ashley,Alvarez
834,Ashley,Alvarez
834,Ashley,Alvarez
834,Ashley,Alvarez
834,Ashley,Alvarez
834,Ashley,Alvarez
834,Ashley,Alvarez
834,Ashley,Alvarez
834,Ashley,Alvarez
834,Ashley,Alvarez
834,Ashley,Alvarez
834,Ashley,Alvarez
834,Ashley,Alvarez
834,Ashley,Alvarez
834,Ashley,Alvarez
834,Ashley,Alvarez
834,Ashley,Alvarez
834,Ashley,Alvarez
834,Ashley,Alvarez
834,Ashley,Alvarez
834,Ashley,Alvarez
834,Ashley,Alvarez
834,Ashley,Alvarez
834,Ashley,Alvarez
834,Ashley,Alvarez
834,Ashley,Alvarez
492,Ashley,Day
492,Ashley,Day
492,Ashley,Day
492,Ashley,Day
492,Ashley,Day
492,Ashley,Day
492,Ashley,Day
492,Ashley,Day
492,Ashley,Day
492,Ashley,Day
492,Ashley,Day
492,Ashley,Day
492,Ashley,Day
492,Ashley,Day
492,Ashley,Day
492,Ashley,Day
492,Ashley,Day
492,Ashley,Day
492,Ashley,Day
492,Ashley,Day
492,Ashley,Day
492,Ashley,Day
492,Ashley,Day
492,Ashley,Day
492,Ashley,Day
492,Ashley,Day
492,Ashley,Day
492,Ashley,Day
492,Ashley,Day
492,Ashley,Day
950,Bonnie,Robertson
950,Bonnie,Robertson
950,Bonnie,Robertson
950,Bonnie,Robertson
950,Bonnie,Robertson
950,Bonnie,Robertson
950,Bonnie,Robertson
950,Bonnie,Robertson
950,Bonnie,Robertson
950,Bonnie,Robertson
950,Bonnie,Robertson
950,Bonnie,Robertson
950,Bonnie,Robertson
950,Bonnie,Robertson
950,Bonnie,Robertson
950,Bonnie,Robertson
950,Bonnie,Robertson
950,Bonnie,Robertson
950,Bonnie,Robertson
950,Bonnie,Robertson
950,Bonnie,Robertson
950,Bonnie,Robertson
950,Bonnie,Robertson
950,Bonnie,Robertson
950,Bonnie,Robertson
950,Bonnie,Robertson
950,Bonnie,Robertson
950,Bonnie,Robertson
950,Bonnie,Robertson
950,Bonnie,Robertson
407,Brenda,Berry
407,Brenda,Berry
407,Brenda,Berry
407,Brenda,Berry
407,Brenda,Berry
407,Brenda,Berry
407,Brenda,Berry
407,Brenda,Berry
407,Brenda,Berry
407,Brenda,Berry
407,Brenda,Berry
407,Brenda,Berry
407,Brenda,Berry
407,Brenda,Berry
407,Brenda,Berry
407,Brenda,Berry
407,Brenda,Berry
407,Brenda,Berry
407,Brenda,Berry
407,Brenda,Berry
407,Brenda,Berry
407,Brenda,Berry
407,Brenda,Berry
407,Brenda,Berry
407,Brenda,Berry
407,Brenda,Berry
407,Brenda,Berry
407,Brenda,Berry
407,Brenda,Berry
407,Brenda,Berry
373,Carlos,Wells
373,Carlos,Wells
373,Carlos,Wells
373,Carlos,Wells
373,Carlos,Wells
373,Carlos,Wells
373,Carlos,Wells
373,Carlos,Wells
373,Carlos,Wells
373,Carlos,Wells
373,Carlos,Wells
373,Carlos,Wells
373,Carlos,Wells
373,Carlos,Wells
373,Carlos,Wells
373,Carlos,Wells
373,Carlos,Wells
373,Carlos,Wells
373,Carlos,Wells
373,Carlos,Wells
373,Carlos,Wells
373,Carlos,Wells
373,Carlos,Wells
373,Carlos,Wells
373,Carlos,Wells
373,Carlos,Wells
373,Carlos,Wells
373,Carlos,Wells
373,Carlos,Wells
373,Carlos,Wells
92,Donald,Bradley
92,Donald,Bradley
92,Donald,Bradley
92,Donald,Bradley
92,Donald,Bradley
92,Donald,Bradley
92,Donald,Bradley
92,Donald,Bradley
92,Donald,Bradley
92,Donald,Bradley
92,Donald,Bradley
92,Donald,Bradley
92,Donald,Bradley
92,Donald,Bradley
92,Donald,Bradley
92,Donald,Bradley
92,Donald,Bradley
92,Donald,Bradley
92,Donald,Bradley
92,Donald,Bradley
92,Donald,Bradley
92,Donald,Bradley
92,Donald,Bradley
92,Donald,Bradley
92,Donald,Bradley
92,Donald,Bradley
92,Donald,Bradley
92,Donald,Bradley
92,Donald,Bradley
92,Donald,Bradley
130,Donald,Bowman
130,Donald,Bowman
130,Donald,Bowman
130,Donald,Bowman
130,Donald,Bowman
130,Donald,Bowman
130,Donald,Bowman
130,Donald,Bowman
130,Donald,Bowman
130,Donald,Bowman
130,Donald,Bowman
130,Donald,Bowman
130,Donald,Bowman
130,Donald,Bowman
130,Donald,Bowman
130,Donald,Bowman
130,Donald,Bowman
130,Donald,Bowman
130,Donald,Bowman
130,Donald,Bowman
130,Donald,Bowman
130,Donald,Bowman
130,Donald,Bowman
130,Donald,Bowman
130,Donald,Bowman
130,Donald,Bowman
130,Donald,Bowman
130,Donald,Bowman
130,Donald,Bowman
130,Donald,Bowman
324,Edward,Wheeler
324,Edward,Wheeler
324,Edward,Wheeler
324,Edward,Wheeler
324,Edward,Wheeler
324,Edward,Wheeler
324,Edward,Wheeler
324,Edward,Wheeler
324,Edward,Wheeler
324,Edward,Wheeler
324,Edward,Wheeler
324,Edward,Wheeler
324,Edward,Wheeler
324,Edward,Wheeler
324,Edward,Wheeler
324,Edward,Wheeler
324,Edward,Wheeler
324,Edward,Wheeler
324,Edward,Wheeler
324,Edward,Wheeler
324,Edward,Wheeler
324,Edward,Wheeler
324,Edward,Wheeler
324,Edward,Wheeler
324,Edward,Wheeler
324,Edward,Wheeler
324,Edward,Wheeler
324,Edward,Wheeler
324,Edward,Wheeler
324,Edward,Wheeler
607,Johnny,Owens
607,Johnny,Owens
607,Johnny,Owens
607,Johnny,Owens
607,Johnny,Owens
607,Johnny,Owens
607,Johnny,Owens
607,Johnny,Owens
607,Johnny,Owens
607,Johnny,Owens
607,Johnny,Owens
607,Johnny,Owens
607,Johnny,Owens
607,Johnny,Owens
607,Johnny,Owens
607,Johnny,Owens
607,Johnny,Owens
607,Johnny,Owens
607,Johnny,Owens
607,Johnny,Owens
607,Johnny,Owens
607,Johnny,Owens
607,Johnny,Owens
607,Johnny,Owens
607,Johnny,Owens
607,Johnny,Owens
607,Johnny,Owens
607,Johnny,Owens
607,Johnny,Owens
607,Johnny,Owens
239,Johnny,Turner
239,Johnny,Turner
239,Johnny,Turner
239,Johnny,Turner
239,Johnny,Turner
239,Johnny,Turner
239,Johnny,Turner
239,Johnny,Turner
239,Johnny,Turner
239,Johnny,Turner
239,Johnny,Turner
239,Johnny,Turner
239,Johnny,Turner
239,Johnny,Turner
239,Johnny,Turner
239,Johnny,Turner
239,Johnny,Turner
239,Johnny,Turner
239,Johnny,Turner
239,Johnny,Turner
239,Johnny,Turner
239,Johnny,Turner
239,Johnny,Turner
239,Johnny,Turner
239,Johnny,Turner
239,Johnny,Turner
239,Johnny,Turner
239,Johnny,Turner
239,Johnny,Turner
239,Johnny,Turner
479,Joseph,Gordon
479,Joseph,Gordon
479,Joseph,Gordon
479,Joseph,Gordon
479,Joseph,Gordon
479,Joseph,Gordon
479,Joseph,Gordon
479,Joseph,Gordon
479,Joseph,Gordon
479,Joseph,Gordon
479,Joseph,Gordon
479,Joseph,Gordon
479,Joseph,Gordon
479,Joseph,Gordon
479,Joseph,Gordon
479,Joseph,Gordon
479,Joseph,Gordon
479,Joseph,Gordon
479,Joseph,Gordon
479,Joseph,Gordon
479,Joseph,Gordon
479,Joseph,Gordon
479,Joseph,Gordon
479,Joseph,Gordon
479,Joseph,Gordon
479,Joseph,Gordon
479,Joseph,Gordon
479,Joseph,Gordon
479,Joseph,Gordon
479,Joseph,Gordon
265,Judith,Simpson
265,Judith,Simpson
265,Judith,Simpson
265,Judith,Simpson
265,Judith,Simpson
265,Judith,Simpson
265,Judith,Simpson
265,Judith,Simpson
265,Judith,Simpson
265,Judith,Simpson
265,Judith,Simpson
265,Judith,Simpson
265,Judith,Simpson
265,Judith,Simpson
265,Judith,Simpson
265,Judith,Simpson
265,Judith,Simpson
265,Judith,Simpson
265,Judith,Simpson
265,Judith,Simpson
265,Judith,Simpson
265,Judith,Simpson
265,Judith,Simpson
265,Judith,Simpson
265,Judith,Simpson
265,Judith,Simpson
265,Judith,Simpson
265,Judith,Simpson
265,Judith,Simpson
265,Judith,Simpson
101,Louise,Hansen
101,Louise,Hansen
101,Louise,Hansen
101,Louise,Hansen
101,Louise,Hansen
101,Louise,Hansen
101,Louise,Hansen
101,Louise,Hansen
101,Louise,Hansen
101,Louise,Hansen
101,Louise,Hansen
101,Louise,Hansen
101,Louise,Hansen
101,Louise,Hansen
101,Louise,Hansen
101,Louise,Hansen
101,Louise,Hansen
101,Louise,Hansen
101,Louise,Hansen
101,Louise,Hansen
101,Louise,Hansen
101,Louise,Hansen
101,Louise,Hansen
101,Louise,Hansen
101,Louise,Hansen
101,Louise,Hansen
101,Louise,Hansen
101,Louise,Hansen
101,Louise,Hansen
101,Louise,Hansen
271,Martha,Reid
271,Martha,Reid
271,Martha,Reid
271,Martha,Reid
271,Martha,Reid
271,Martha,Reid
271,Martha,Reid
271,Martha,Reid
271,Martha,Reid
271,Martha,Reid
271,Martha,Reid
271,Martha,Reid
271,Martha,Reid
271,Martha,Reid
271,Martha,Reid
271,Martha,Reid
271,Martha,Reid
271,Martha,Reid
271,Martha,Reid
271,Martha,Reid
271,Martha,Reid
271,Martha,Reid
271,Martha,Reid
271,Martha,Reid
271,Martha,Reid
271,Martha,Reid
271,Martha,Reid
271,Martha,Reid
271,Martha,Reid
271,Martha,Reid
332,Martha,Kelly
332,Martha,Kelly
332,Martha,Kelly
332,Martha,Kelly
332,Martha,Kelly
332,Martha,Kelly
332,Martha,Kelly
332,Martha,Kelly
332,Martha,Kelly
332,Martha,Kelly
332,Martha,Kelly
332,Martha,Kelly
332,Martha,Kelly
332,Martha,Kelly
332,Martha,Kelly
332,Martha,Kelly
332,Martha,Kelly
332,Martha,Kelly
332,Martha,Kelly
332,Martha,Kelly
332,Martha,Kelly
332,Martha,Kelly
332,Martha,Kelly
332,Martha,Kelly
332,Martha,Kelly
332,Martha,Kelly
332,Martha,Kelly
332,Martha,Kelly
332,Martha,Kelly
332,Martha,Kelly
89,Nicole,Willis
89,Nicole,Willis
89,Nicole,Willis
89,Nicole,Willis
89,Nicole,Willis
89,Nicole,Willis
89,Nicole,Willis
89,Nicole,Willis
89,Nicole,Willis
89,Nicole,Willis
89,Nicole,Willis
89,Nicole,Willis
89,Nicole,Willis
89,Nicole,Willis
89,Nicole,Willis
89,Nicole,Willis
89,Nicole,Willis
89,Nicole,Willis
89,Nicole,Willis
89,Nicole,Willis
89,Nicole,Willis
89,Nicole,Willis
89,Nicole,Willis
89,Nicole,Willis
89,Nicole,Willis
89,Nicole,Willis
89,Nicole,Willis
89,Nicole,Willis
89,Nicole,Willis
89,Nicole,Willis
434,Philip,Brown
434,Philip,Brown
434,Philip,Brown
434,Philip,Brown
434,Philip,Brown
434,Philip,Brown
434,Philip,Brown
434,Philip,Brown
434,Philip,Brown
434,Philip,Brown
434,Philip,Brown
434,Philip,Brown
434,Philip,Brown
434,Philip,Brown
434,Philip,Brown
434,Philip,Brown
434,Philip,Brown
434,Philip,Brown
434,Philip,Brown
434,Philip,Brown
434,Philip,Brown
434,Philip,Brown
434,Philip,Brown
434,Philip,Brown
434,Philip,Brown
434,Philip,Brown
434,Philip,Brown
434,Philip,Brown
434,Philip,Brown
434,Philip,Brown
68,Rachel,Price
68,Rachel,Price
68,Rachel,Price
68,Rachel,Price
68,Rachel,Price
68,Rachel,Price
68,Rachel,Price
68,Rachel,Price
68,Rachel,Price
68,Rachel,Price
68,Rachel,Price
68,Rachel,Price
68,Rachel,Price
68,Rachel,Price
68,Rachel,Price
68,Rachel,Price
68,Rachel,Price
68,Rachel,Price
68,Rachel,Price
68,Rachel,Price
68,Rachel,Price
68,Rachel,Price
68,Rachel,Price
68,Rachel,Price
68,Rachel,Price
68,Rachel,Price
68,Rachel,Price
68,Rachel,Price
68,Rachel,Price
68,Rachel,Price
568,Samuel,Welch
568,Samuel,Welch
568,Samuel,Welch
568,Samuel,Welch
568,Samuel,Welch
568,Samuel,Welch
568,Samuel,Welch
568,Samuel,Welch
568,Samuel,Welch
568,Samuel,Welch
568,Samuel,Welch
568,Samuel,Welch
568,Samuel,Welch
568,Samuel,Welch
568,Samuel,Welch
568,Samuel,Welch
568,Samuel,Welch
568,Samuel,Welch
568,Samuel,Welch
568,Samuel,Welch
568,Samuel,Welch
568,Samuel,Welch
568,Samuel,Welch
568,Samuel,Welch
568,Samuel,Welch
568,Samuel,Welch
568,Samuel,Welch
568,Samuel,Welch
568,Samuel,Welch
568,Samuel,Welch
876,Samuel,Hughes
876,Samuel,Hughes
876,Samuel,Hughes
876,Samuel,Hughes
876,Samuel,Hughes
876,Samuel,Hughes
876,Samuel,Hughes
876,Samuel,Hughes
876,Samuel,Hughes
876,Samuel,Hughes
876,Samuel,Hughes
876,Samuel,Hughes
876,Samuel,Hughes
876,Samuel,Hughes
876,Samuel,Hughes
876,Samuel,Hughes
876,Samuel,Hughes
876,Samuel,Hughes
876,Samuel,Hughes
876,Samuel,Hughes
876,Samuel,Hughes
876,Samuel,Hughes
876,Samuel,Hughes
876,Samuel,Hughes
876,Samuel,Hughes
876,Samuel,Hughes
876,Samuel,Hughes
876,Samuel,Hughes
876,Samuel,Hughes
876,Samuel,Hughes
512,Steven,Fowler
512,Steven,Fowler
512,Steven,Fowler
512,Steven,Fowler
512,Steven,Fowler
512,Steven,Fowler
512,Steven,Fowler
512,Steven,Fowler
512,Steven,Fowler
512,Steven,Fowler
512,Steven,Fowler
512,Steven,Fowler
512,Steven,Fowler
512,Steven,Fowler
512,Steven,Fowler
512,Steven,Fowler
512,Steven,Fowler
512,Steven,Fowler
512,Steven,Fowler
512,Steven,Fowler
512,Steven,Fowler
512,Steven,Fowler
512,Steven,Fowler
512,Steven,Fowler
512,Steven,Fowler
512,Steven,Fowler
512,Steven,Fowler
512,Steven,Fowler
512,Steven,Fowler
512,Steven,Fowler
152,Victor,Ray
152,Victor,Ray
152,Victor,Ray
152,Victor,Ray
152,Victor,Ray
152,Victor,Ray
152,Victor,Ray
152,Victor,Ray
152,Victor,Ray
152,Victor,Ray
152,Victor,Ray
152,Victor,Ray
152,Victor,Ray
152,Victor,Ray
152,Victor,Ray
152,Victor,Ray
152,Victor,Ray
152,Victor,Ray
152,Victor,Ray
152,Victor,Ray
152,Victor,Ray
152,Victor,Ray
152,Victor,Ray
152,Victor,Ray
152,Victor,Ray
152,Victor,Ray
152,Victor,Ray
152,Victor,Ray
152,Victor,Ray
152,Victor,Ray
582,Willie,Stone
582,Willie,Stone
582,Willie,Stone
582,Willie,Stone
582,Willie,Stone
582,Willie,Stone
582,Willie,Stone
582,Willie,Stone
582,Willie,Stone
582,Willie,Stone
582,Willie,Stone
582,Willie,Stone
582,Willie,Stone
582,Willie,Stone
582,Willie,Stone
582,Willie,Stone
582,Willie,Stone
582,Willie,Stone
582,Willie,Stone
582,Willie,Stone
582,Willie,Stone
582,Willie,Stone
582,Willie,Stone
582,Willie,Stone
582,Willie,Stone
582,Willie,Stone
582,Willie,Stone
582,Willie,Stone
582,Willie,Stone
582,Willie,Stone
369,Willie,Schmidt
369,Willie,Schmidt
369,Willie,Schmidt
369,Willie,Schmidt
369,Willie,Schmidt
369,Willie,Schmidt
369,Willie,Schmidt
369,Willie,Schmidt
369,Willie,Schmidt
369,Willie,Schmidt
369,Willie,Schmidt
369,Willie,Schmidt
369,Willie,Schmidt
369,Willie,Schmidt
369,Willie,Schmidt
369,Willie,Schmidt
369,Willie,Schmidt
369,Willie,Schmidt
369,Willie,Schmidt
369,Willie,Schmidt
369,Willie,Schmidt
369,Willie,Schmidt
369,Willie,Schmidt
369,Willie,Schmidt
369,Willie,Schmidt
369,Willie,Schmidt
369,Willie,Schmidt
369,Willie,Schmidt
369,Willie,Schmidt
369,Willie,Schmidt
570,Anthony,Schmidt
570,Anthony,Schmidt
570,Anthony,Schmidt
570,Anthony,Schmidt
570,Anthony,Schmidt
570,Anthony,Schmidt
570,Anthony,Schmidt
570,Anthony,Schmidt
570,Anthony,Schmidt
570,Anthony,Schmidt
570,Anthony,Schmidt
570,Anthony,Schmidt
570,Anthony,Schmidt
570,Anthony,Schmidt
570,Anthony,Schmidt
570,Anthony,Schmidt
570,Anthony,Schmidt
570,Anthony,Schmidt
570,Anthony,Schmidt
570,Anthony,Schmidt
570,Anthony,Schmidt
570,Anthony,Schmidt
570,Anthony,Schmidt
570,Anthony,Schmidt
570,Anthony,Schmidt
570,Anthony,Schmidt
570,Anthony,Schmidt
570,Anthony,Schmidt
570,Anthony,Schmidt
570,Anthony,Schmidt
462,Anthony,Edwards
462,Anthony,Edwards
462,Anthony,Edwards
462,Anthony,Edwards
462,Anthony,Edwards
462,Anthony,Edwards
462,Anthony,Edwards
462,Anthony,Edwards
462,Anthony,Edwards
462,Anthony,Edwards
462,Anthony,Edwards
462,Anthony,Edwards
462,Anthony,Edwards
462,Anthony,Edwards
462,Anthony,Edwards
462,Anthony,Edwards
462,Anthony,Edwards
462,Anthony,Edwards
462,Anthony,Edwards
462,Anthony,Edwards
462,Anthony,Edwards
462,Anthony,Edwards
462,Anthony,Edwards
462,Anthony,Edwards
462,Anthony,Edwards
462,Anthony,Edwards
462,Anthony,Edwards
462,Anthony,Edwards
462,Anthony,Edwards
462,Anthony,Edwards
323,Barbara,Garcia
323,Barbara,Garcia
323,Barbara,Garcia
323,Barbara,Garcia
323,Barbara,Garcia
323,Barbara,Garcia
323,Barbara,Garcia
323,Barbara,Garcia
323,Barbara,Garcia
323,Barbara,Garcia
323,Barbara,Garcia
323,Barbara,Garcia
323,Barbara,Garcia
323,Barbara,Garcia
323,Barbara,Garcia
323,Barbara,Garcia
323,Barbara,Garcia
323,Barbara,Garcia
323,Barbara,Garcia
323,Barbara,Garcia
323,Barbara,Garcia
323,Barbara,Garcia
323,Barbara,Garcia
323,Barbara,Garcia
323,Barbara,Garcia
323,Barbara,Garcia
323,Barbara,Garcia
323,Barbara,Garcia
323,Barbara,Garcia
323,Barbara,Garcia
383,Beverly,Carter
383,Beverly,Carter
383,Beverly,Carter
383,Beverly,Carter
383,Beverly,Carter
383,Beverly,Carter
383,Beverly,Carter
383,Beverly,Carter
383,Beverly,Carter
383,Beverly,Carter
383,Beverly,Carter
383,Beverly,Carter
383,Beverly,Carter
383,Beverly,Carter
383,Beverly,Carter
383,Beverly,Carter
383,Beverly,Carter
383,Beverly,Carter
383,Beverly,Carter
383,Beverly,Carter
383,Beverly,Carter
383,Beverly,Carter
383,Beverly,Carter
383,Beverly,Carter
383,Beverly,Carter
383,Beverly,Carter
383,Beverly,Carter
383,Beverly,Carter
383,Beverly,Carter
383,Beverly,Carter
394,Cynthia,Jackson
394,Cynthia,Jackson
394,Cynthia,Jackson
394,Cynthia,Jackson
394,Cynthia,Jackson
394,Cynthia,Jackson
394,Cynthia,Jackson
394,Cynthia,Jackson
394,Cynthia,Jackson
394,Cynthia,Jackson
394,Cynthia,Jackson
394,Cynthia,Jackson
394,Cynthia,Jackson
394,Cynthia,Jackson
394,Cynthia,Jackson
394,Cynthia,Jackson
394,Cynthia,Jackson
394,Cynthia,Jackson
394,Cynthia,Jackson
394,Cynthia,Jackson
394,Cynthia,Jackson
394,Cynthia,Jackson
394,Cynthia,Jackson
394,Cynthia,Jackson
394,Cynthia,Jackson
394,Cynthia,Jackson
394,Cynthia,Jackson
394,Cynthia,Jackson
394,Cynthia,Jackson
394,Cynthia,Jackson
354,Jeffrey,Marshall
354,Jeffrey,Marshall
354,Jeffrey,Marshall
354,Jeffrey,Marshall
354,Jeffrey,Marshall
354,Jeffrey,Marshall
354,Jeffrey,Marshall
354,Jeffrey,Marshall
354,Jeffrey,Marshall
354,Jeffrey,Marshall
354,Jeffrey,Marshall
354,Jeffrey,Marshall
354,Jeffrey,Marshall
354,Jeffrey,Marshall
354,Jeffrey,Marshall
354,Jeffrey,Marshall
354,Jeffrey,Marshall
354,Jeffrey,Marshall
354,Jeffrey,Marshall
354,Jeffrey,Marshall
354,Jeffrey,Marshall
354,Jeffrey,Marshall
354,Jeffrey,Marshall
354,Jeffrey,Marshall
354,Jeffrey,Marshall
354,Jeffrey,Marshall
354,Jeffrey,Marshall
354,Jeffrey,Marshall
354,Jeffrey,Marshall
354,Jeffrey,Marshall
6,Kathryn,White
6,Kathryn,White
6,Kathryn,White
6,Kathryn,White
6,Kathryn,White
6,Kathryn,White
6,Kathryn,White
6,Kathryn,White
6,Kathryn,White
6,Kathryn,White
6,Kathryn,White
6,Kathryn,White
6,Kathryn,White
6,Kathryn,White
6,Kathryn,White
6,Kathryn,White
6,Kathryn,White
6,Kathryn,White
6,Kathryn,White
6,Kathryn,White
6,Kathryn,White
6,Kathryn,White
6,Kathryn,White
6,Kathryn,White
6,Kathryn,White
6,Kathryn,White
6,Kathryn,White
6,Kathryn,White
6,Kathryn,White
6,Kathryn,White
395,Matthew,Moore
395,Matthew,Moore
395,Matthew,Moore
395,Matthew,Moore
395,Matthew,Moore
395,Matthew,Moore
395,Matthew,Moore
395,Matthew,Moore
395,Matthew,Moore
395,Matthew,Moore
395,Matthew,Moore
395,Matthew,Moore
395,Matthew,Moore
395,Matthew,Moore
395,Matthew,Moore
395,Matthew,Moore
395,Matthew,Moore
395,Matthew,Moore
395,Matthew,Moore
395,Matthew,Moore
395,Matthew,Moore
395,Matthew,Moore
395,Matthew,Moore
395,Matthew,Moore
395,Matthew,Moore
395,Matthew,Moore
395,Matthew,Moore
395,Matthew,Moore
395,Matthew,Moore
395,Matthew,Moore
35,Melissa,Kelly
35,Melissa,Kelly
35,Melissa,Kelly
35,Melissa,Kelly
35,Melissa,Kelly
35,Melissa,Kelly
35,Melissa,Kelly
35,Melissa,Kelly
35,Melissa,Kelly
35,Melissa,Kelly
35,Melissa,Kelly
35,Melissa,Kelly
35,Melissa,Kelly
35,Melissa,Kelly
35,Melissa,Kelly
35,Melissa,Kelly
35,Melissa,Kelly
35,Melissa,Kelly
35,Melissa,Kelly
35,Melissa,Kelly
35,Melissa,Kelly
35,Melissa,Kelly
35,Melissa,Kelly
35,Melissa,Kelly
35,Melissa,Kelly
35,Melissa,Kelly
35,Melissa,Kelly
35,Melissa,Kelly
35,Melissa,Kelly
35,Melissa,Kelly
65,Raymond,Jacobs
65,Raymond,Jacobs
65,Raymond,Jacobs
65,Raymond,Jacobs
65,Raymond,Jacobs
65,Raymond,Jacobs
65,Raymond,Jacobs
65,Raymond,Jacobs
65,Raymond,Jacobs
65,Raymond,Jacobs
65,Raymond,Jacobs
65,Raymond,Jacobs
65,Raymond,Jacobs
65,Raymond,Jacobs
65,Raymond,Jacobs
65,Raymond,Jacobs
65,Raymond,Jacobs
65,Raymond,Jacobs
65,Raymond,Jacobs
65,Raymond,Jacobs
65,Raymond,Jacobs
65,Raymond,Jacobs
65,Raymond,Jacobs
65,Raymond,Jacobs
65,Raymond,Jacobs
65,Raymond,Jacobs
65,Raymond,Jacobs
65,Raymond,Jacobs
65,Raymond,Jacobs
65,Raymond,Jacobs
733,Richard,Allen
733,Richard,Allen
733,Richard,Allen
733,Richard,Allen
733,Richard,Allen
733,Richard,Allen
733,Richard,Allen
733,Richard,Allen
733,Richard,Allen
733,Richard,Allen
733,Richard,Allen
733,Richard,Allen
733,Richard,Allen
733,Richard,Allen
733,Richard,Allen
733,Richard,Allen
733,Richard,Allen
733,Richard,Allen
733,Richard,Allen
733,Richard,Allen
733,Richard,Allen
733,Richard,Allen
733,Richard,Allen
733,Richard,Allen
733,Richard,Allen
733,Richard,Allen
733,Richard,Allen
733,Richard,Allen
733,Richard,Allen
733,Richard,Allen
721,Shirley,Williams
721,Shirley,Williams
721,Shirley,Williams
721,Shirley,Williams
721,Shirley,Williams
721,Shirley,Williams
721,Shirley,Williams
721,Shirley,Williams
721,Shirley,Williams
721,Shirley,Williams
721,Shirley,Williams
721,Shirley,Williams
721,Shirley,Williams
721,Shirley,Williams
721,Shirley,Williams
721,Shirley,Williams
721,Shirley,Williams
721,Shirley,Williams
721,Shirley,Williams
721,Shirley,Williams
721,Shirley,Williams
721,Shirley,Williams
721,Shirley,Williams
721,Shirley,Williams
721,Shirley,Williams
721,Shirley,Williams
721,Shirley,Williams
721,Shirley,Williams
721,Shirley,Williams
721,Shirley,Williams
872,Theresa,Sims
872,Theresa,Sims
872,Theresa,Sims
872,Theresa,Sims
872,Theresa,Sims
872,Theresa,Sims
872,Theresa,Sims
872,Theresa,Sims
872,Theresa,Sims
872,Theresa,Sims
872,Theresa,Sims
872,Theresa,Sims
872,Theresa,Sims
872,Theresa,Sims
872,Theresa,Sims
872,Theresa,Sims
872,Theresa,Sims
872,Theresa,Sims
872,Theresa,Sims
872,Theresa,Sims
872,Theresa,Sims
872,Theresa,Sims
872,Theresa,Sims
872,Theresa,Sims
872,Theresa,Sims
872,Theresa,Sims
872,Theresa,Sims
872,Theresa,Sims
872,Theresa,Sims
872,Theresa,Sims
946,Theresa,Arnold
946,Theresa,Arnold
946,Theresa,Arnold
946,Theresa,Arnold
946,Theresa,Arnold
946,Theresa,Arnold
946,Theresa,Arnold
946,Theresa,Arnold
946,Theresa,Arnold
946,Theresa,Arnold
946,Theresa,Arnold
946,Theresa,Arnold
946,Theresa,Arnold
946,Theresa,Arnold
946,Theresa,Arnold
946,Theresa,Arnold
946,Theresa,Arnold
946,Theresa,Arnold
946,Theresa,Arnold
946,Theresa,Arnold
946,Theresa,Arnold
946,Theresa,Arnold
946,Theresa,Arnold
946,Theresa,Arnold
946,Theresa,Arnold
946,Theresa,Arnold
946,Theresa,Arnold
946,Theresa,Arnold
946,Theresa,Arnold
946,Theresa,Arnold
540,Timothy,Palmer
540,Timothy,Palmer
540,Timothy,Palmer
540,Timothy,Palmer
540,Timothy,Palmer
540,Timothy,Palmer
540,Timothy,Palmer
540,Timothy,Palmer
540,Timothy,Palmer
540,Timothy,Palmer
540,Timothy,Palmer
540,Timothy,Palmer
540,Timothy,Palmer
540,Timothy,Palmer
540,Timothy,Palmer
540,Timothy,Palmer
540,Timothy,Palmer
540,Timothy,Palmer
540,Timothy,Palmer
540,Timothy,Palmer
540,Timothy,Palmer
540,Timothy,Palmer
540,Timothy,Palmer
540,Timothy,Palmer
540,Timothy,Palmer
540,Timothy,Palmer
540,Timothy,Palmer
540,Timothy,Palmer
540,Timothy,Palmer
540,Timothy,Palmer
474,Kathleen,Matthews
474,Kathleen,Matthews
474,Kathleen,Matthews
474,Kathleen,Matthews
474,Kathleen,Matthews
474,Kathleen,Matthews
474,Kathleen,Matthews
474,Kathleen,Matthews
474,Kathleen,Matthews
474,Kathleen,Matthews
474,Kathleen,Matthews
474,Kathleen,Matthews
474,Kathleen,Matthews
474,Kathleen,Matthews
474,Kathleen,Matthews
474,Kathleen,Matthews
474,Kathleen,Matthews
474,Kathleen,Matthews
474,Kathleen,Matthews
474,Kathleen,Matthews
474,Kathleen,Matthews
474,Kathleen,Matthews
474,Kathleen,Matthews
474,Kathleen,Matthews
474,Kathleen,Matthews
474,Kathleen,Matthews
474,Kathleen,Matthews
474,Kathleen,Matthews
474,Kathleen,Matthews
474,Kathleen,Matthews
246,Kimberly,Henderson
246,Kimberly,Henderson
246,Kimberly,Henderson
246,Kimberly,Henderson
246,Kimberly,Henderson
246,Kimberly,Henderson
246,Kimberly,Henderson
246,Kimberly,Henderson
246,Kimberly,Henderson
246,Kimberly,Henderson
246,Kimberly,Henderson
246,Kimberly,Henderson
246,Kimberly,Henderson
246,Kimberly,Henderson
246,Kimberly,Henderson
246,Kimberly,Henderson
246,Kimberly,Henderson
246,Kimberly,Henderson
246,Kimberly,Henderson
246,Kimberly,Henderson
246,Kimberly,Henderson
246,Kimberly,Henderson
246,Kimberly,Henderson
246,Kimberly,Henderson
246,Kimberly,Henderson
246,Kimberly,Henderson
246,Kimberly,Henderson
246,Kimberly,Henderson
246,Kimberly,Henderson
246,Kimberly,Henderson
468,Lawrence,West
468,Lawrence,West
468,Lawrence,West
468,Lawrence,West
468,Lawrence,West
468,Lawrence,West
468,Lawrence,West
468,Lawrence,West
468,Lawrence,West
468,Lawrence,West
468,Lawrence,West
468,Lawrence,West
468,Lawrence,West
468,Lawrence,West
468,Lawrence,West
468,Lawrence,West
468,Lawrence,West
468,Lawrence,West
468,Lawrence,West
468,Lawrence,West
468,Lawrence,West
468,Lawrence,West
468,Lawrence,West
468,Lawrence,West
468,Lawrence,West
468,Lawrence,West
468,Lawrence,West
468,Lawrence,West
468,Lawrence,West
468,Lawrence,West
547,Michelle,Duncan
547,Michelle,Duncan
547,Michelle,Duncan
547,Michelle,Duncan
547,Michelle,Duncan
547,Michelle,Duncan
547,Michelle,Duncan
547,Michelle,Duncan
547,Michelle,Duncan
547,Michelle,Duncan
547,Michelle,Duncan
547,Michelle,Duncan
547,Michelle,Duncan
547,Michelle,Duncan
547,Michelle,Duncan
547,Michelle,Duncan
547,Michelle,Duncan
547,Michelle,Duncan
547,Michelle,Duncan
547,Michelle,Duncan
547,Michelle,Duncan
547,Michelle,Duncan
547,Michelle,Duncan
547,Michelle,Duncan
547,Michelle,Duncan
547,Michelle,Duncan
547,Michelle,Duncan
547,Michelle,Duncan
547,Michelle,Duncan
547,Michelle,Duncan
563,Michelle,Payne
563,Michelle,Payne
563,Michelle,Payne
563,Michelle,Payne
563,Michelle,Payne
563,Michelle,Payne
563,Michelle,Payne
563,Michelle,Payne
563,Michelle,Payne
563,Michelle,Payne
563,Michelle,Payne
563,Michelle,Payne
563,Michelle,Payne
563,Michelle,Payne
563,Michelle,Payne
563,Michelle,Payne
563,Michelle,Payne
563,Michelle,Payne
563,Michelle,Payne
563,Michelle,Payne
563,Michelle,Payne
563,Michelle,Payne
563,Michelle,Payne
563,Michelle,Payne
563,Michelle,Payne
563,Michelle,Payne
563,Michelle,Payne
563,Michelle,Payne
563,Michelle,Payne
563,Michelle,Payne
993,Patricia,Henderson
993,Patricia,Henderson
993,Patricia,Henderson
993,Patricia,Henderson
993,Patricia,Henderson
993,Patricia,Henderson
993,Patricia,Henderson
993,Patricia,Henderson
993,Patricia,Henderson
993,Patricia,Henderson
993,Patricia,Henderson
993,Patricia,Henderson
993,Patricia,Henderson
993,Patricia,Henderson
993,Patricia,Henderson
993,Patricia,Henderson
993,Patricia,Henderson
993,Patricia,Henderson
993,Patricia,Henderson
993,Patricia,Henderson
993,Patricia,Henderson
993,Patricia,Henderson
993,Patricia,Henderson
993,Patricia,Henderson
993,Patricia,Henderson
993,Patricia,Henderson
993,Patricia,Henderson
993,Patricia,Henderson
993,Patricia,Henderson
993,Patricia,Henderson
305,Catherine,Kennedy
305,Catherine,Kennedy
305,Catherine,Kennedy
305,Catherine,Kennedy
305,Catherine,Kennedy
305,Catherine,Kennedy
305,Catherine,Kennedy
305,Catherine,Kennedy
305,Catherine,Kennedy
305,Catherine,Kennedy
305,Catherine,Kennedy
305,Catherine,Kennedy
305,Catherine,Kennedy
305,Catherine,Kennedy
305,Catherine,Kennedy
305,Catherine,Kennedy
305,Catherine,Kennedy
305,Catherine,Kennedy
305,Catherine,Kennedy
305,Catherine,Kennedy
305,Catherine,Kennedy
305,Catherine,Kennedy
305,Catherine,Kennedy
305,Catherine,Kennedy
305,Catherine,Kennedy
305,Catherine,Kennedy
305,Catherine,Kennedy
305,Catherine,Kennedy
305,Catherine,Kennedy
305,Catherine,Kennedy
75,Catherine,Gibson
75,Catherine,Gibson
75,Catherine,Gibson
75,Catherine,Gibson
75,Catherine,Gibson
75,Catherine,Gibson
75,Catherine,Gibson
75,Catherine,Gibson
75,Catherine,Gibson
75,Catherine,Gibson
75,Catherine,Gibson
75,Catherine,Gibson
75,Catherine,Gibson
75,Catherine,Gibson
75,Catherine,Gibson
75,Catherine,Gibson
75,Catherine,Gibson
75,Catherine,Gibson
75,Catherine,Gibson
75,Catherine,Gibson
75,Catherine,Gibson
75,Catherine,Gibson
75,Catherine,Gibson
75,Catherine,Gibson
75,Catherine,Gibson
75,Catherine,Gibson
75,Catherine,Gibson
75,Catherine,Gibson
75,Catherine,Gibson
75,Catherine,Gibson
525,Elizabeth,Porter
525,Elizabeth,Porter
525,Elizabeth,Porter
525,Elizabeth,Porter
525,Elizabeth,Porter
525,Elizabeth,Porter
525,Elizabeth,Porter
525,Elizabeth,Porter
525,Elizabeth,Porter
525,Elizabeth,Porter
525,Elizabeth,Porter
525,Elizabeth,Porter
525,Elizabeth,Porter
525,Elizabeth,Porter
525,Elizabeth,Porter
525,Elizabeth,Porter
525,Elizabeth,Porter
525,Elizabeth,Porter
525,Elizabeth,Porter
525,Elizabeth,Porter
525,Elizabeth,Porter
525,Elizabeth,Porter
525,Elizabeth,Porter
525,Elizabeth,Porter
525,Elizabeth,Porter
525,Elizabeth,Porter
525,Elizabeth,Porter
525,Elizabeth,Porter
525,Elizabeth,Porter
525,Elizabeth,Porter
